<?xml version="1.0" encoding="UTF-8" standalone="yes"?>
<addon id="repository.danasy-xbmc-addons" name="Danasy Add-on Repository" version="1.0.1" provider-name="Danasy">
	<extension point="xbmc.addon.repository" name="Danasy Add-on Repository">
		<info compressed="false">https://raw.githubusercontent.com/Danasy/xbmc-addons/master/addons.xml</info>
		<checksum>https://raw.githubusercontent.com/Danasy/xbmc-addons/master/addons.xml.md5</checksum>
		<datadir zip="true">https://raw.github.com/Danasy/xbmc-addons/master</datadir>
	</extension>
	<extension point="xbmc.addon.metadata">
		<summary>Install Add-ons from Danasy Add-on Repository</summary>
		<description>Video plug-ins for XBMC</description>
		<disclaimer></disclaimer>
		<platform>all</platform>
	</extension>
</addon>
