<?xml version="1.0" encoding="UTF-8" standalone="yes"?>
<addon id="plugin.video.nhacso"       name="*nhacso"       version="1.0.3"       provider-name="[COLOR lime][B]aRookie[/B][/COLOR]">
<requires>
<import addon="xbmc.python" version="2.1.0" optional="true" />
<import addon="script.module.simplejson" />
<import addon="script.module.t0mm0.common" version="1.1.0"/>
</requires>
<extension point="xbmc.python.pluginsource"       library="default.py">
<provides>video</provides>
</extension>
<extension point="xbmc.addon.metadata">    <summary>http://nhacso.net</summary>
<description>[COLOR lime]Watch free video clips at http://nhacso.net</description>	<disclaimer lang="en">I am not responsible for the contents of these streams, which are pulled from online provider(s). The streams do not represent my views or opinions in any way.[/COLOR]</disclaimer>
<platform>all</platform>
</extension>
</addon>