<?xml version="1.0" encoding="UTF-8" standalone="yes"?>

<addon id="plugin.video.phim3s.net"
       name="[COLOR yellow]*phim3s.net[/COLOR]"
       
version="[COLOR violet]1.0.3[/COLOR]"
       provider-name="[COLOR lime][B]a[/COLOR][COLOR chocolate]Rookie[/B][/COLOR]">
  <requires>
        
<import addon="xbmc.python" version="2.1.0" optional="true" />
		
<import addon="script.module.simplejson" />
		
<import addon="script.module.t0mm0.common" version="1.1.0"/>
  
</requires>
  
<extension point="xbmc.python.pluginsource"
            library="default.py">
        
<provides>video</provides>
  
</extension>
  
<extension point="xbmc.addon.metadata">
    
<summary>[COLOR cyan]phim3s.net[/COLOR]</summary>
    
<description>[COLOR yellow]Watch free movies at phim3s.net[/COLOR]</description>
	
<disclaimer lang="en">[COLOR red]I am not responsible for the contents of these streams, which are pulled from online provider(s). The streams do not represent my views or opinions in any way.[/COLOR]</disclaimer>	
    
<platform>all</platform>
  
</extension>

</addon>